{"cameraMode":{"drawMode":0,"name":"Shaded","section":"Shading Mode"},"sceneLighting":false,"audioPlay":false,"sceneViewState":{"showFog":true,"showMaterialUpdate":true,"showSkybox":true,"showFlares":true,"showImageEffects":true,"showParticleSystems":true},"in2DMode":false,"pivot":{"x":0.014999985694885254,"y":1.682587742805481,"z":0.5},"rotation":{"x":0.009318185970187188,"y":0.7076858878135681,"z":0.009335687384009362,"w":-0.7064335942268372},"size":2.968264579772949,"orthographic":false}
