{"cameraMode":{"drawMode":0,"name":"Shaded","section":"Shading Mode"},"sceneLighting":true,"audioPlay":false,"sceneViewState":{"showFog":true,"showMaterialUpdate":true,"showSkybox":true,"showFlares":true,"showImageEffects":true,"showParticleSystems":true},"in2DMode":false,"pivot":{"x":-31.11840057373047,"y":119.6480712890625,"z":1.3179948329925538},"rotation":{"x":-0.041765451431274417,"y":0.9301378726959229,"z":-0.34725239872932436,"w":-0.11187141388654709},"size":187.48675537109376,"orthographic":false}