{"cameraMode":{"drawMode":0,"name":"Shaded","section":"Shading Mode"},"sceneLighting":true,"audioPlay":false,"sceneViewState":{"showFog":true,"showMaterialUpdate":true,"showSkybox":true,"showFlares":true,"showImageEffects":true,"showParticleSystems":true},"in2DMode":false,"pivot":{"x":-13.018268585205079,"y":62.25823974609375,"z":71.2862777709961},"rotation":{"x":0.1117061898112297,"y":0.09880887717008591,"z":-0.011164356954395771,"w":0.9887580275535584},"size":9.92650032043457,"orthographic":true}