{"cameraMode":{"drawMode":0,"name":"Shaded","section":"Shading Mode"},"sceneLighting":true,"audioPlay":false,"sceneViewState":{"showFog":true,"showMaterialUpdate":true,"showSkybox":true,"showFlares":true,"showImageEffects":true,"showParticleSystems":true},"in2DMode":false,"pivot":{"x":-10.655920028686524,"y":23.35378646850586,"z":5.380646228790283},"rotation":{"x":0.19303295016288758,"y":-0.8049651384353638,"z":0.3638290464878082,"w":0.42708340287208559},"size":21.203876495361329,"orthographic":true}