{"cameraMode":{"drawMode":0,"name":"Shaded","section":"Shading Mode"},"sceneLighting":true,"audioPlay":false,"sceneViewState":{"showFog":true,"showMaterialUpdate":true,"showSkybox":true,"showFlares":true,"showImageEffects":true,"showParticleSystems":true},"in2DMode":false,"pivot":{"x":-31.654218673706056,"y":10.941795349121094,"z":0.8999283313751221},"rotation":{"x":-0.041765451431274417,"y":0.9301378726959229,"z":-0.34725239872932436,"w":-0.11187141388654709},"size":15.058894157409668,"orthographic":false}