{"cameraMode":{"drawMode":0,"name":"Shaded","section":"Shading Mode"},"sceneLighting":false,"audioPlay":false,"sceneViewState":{"showFog":true,"showMaterialUpdate":true,"showSkybox":true,"showFlares":true,"showImageEffects":true,"showParticleSystems":true},"in2DMode":false,"pivot":{"x":-17.54595947265625,"y":13.529504776000977,"z":3.5744876861572267},"rotation":{"x":-0.07688746601343155,"y":0.9105952978134155,"z":-0.1972396820783615,"w":-0.3549673557281494},"size":22.0,"orthographic":false}