{"cameraMode":{"drawMode":0,"name":"Shaded","section":"Shading Mode"},"sceneLighting":true,"audioPlay":false,"sceneViewState":{"showFog":true,"showMaterialUpdate":true,"showSkybox":true,"showFlares":true,"showImageEffects":true,"showParticleSystems":true},"in2DMode":false,"pivot":{"x":-13.317999839782715,"y":10.57800006866455,"z":1.440000057220459},"rotation":{"x":-0.07470394670963288,"y":-0.8241606950759888,"z":0.11195740103721619,"w":-0.5501512885093689},"size":27.869770050048829,"orthographic":false}
