{"cameraMode":{"drawMode":0,"name":"Shaded","section":"Shading Mode"},"sceneLighting":false,"audioPlay":false,"sceneViewState":{"showFog":true,"showMaterialUpdate":true,"showSkybox":true,"showFlares":true,"showImageEffects":true,"showParticleSystems":true},"in2DMode":false,"pivot":{"x":-14.339543342590332,"y":10.760688781738282,"z":3.3586254119873049},"rotation":{"x":0.25191739201545718,"y":0.7094252705574036,"z":-0.30691561102867129,"w":0.5823029279708862},"size":8.638920783996582,"orthographic":false}