{"cameraMode":{"drawMode":0,"name":"Shaded","section":"Shading Mode"},"sceneLighting":true,"audioPlay":false,"sceneViewState":{"showFog":true,"showMaterialUpdate":true,"showSkybox":true,"showFlares":true,"showImageEffects":true,"showParticleSystems":true},"in2DMode":false,"pivot":{"x":-4.89556884765625,"y":13.265369415283204,"z":2.9638242721557619},"rotation":{"x":0.14158107340335847,"y":-0.704985499382019,"z":0.14694884419441224,"w":0.6792336106300354},"size":54.309757232666019,"orthographic":true}