{"cameraMode":{"drawMode":0,"name":"Shaded","section":"Shading Mode"},"sceneLighting":false,"audioPlay":false,"sceneViewState":{"showFog":true,"showMaterialUpdate":true,"showSkybox":true,"showFlares":true,"showImageEffects":true,"showParticleSystems":true},"in2DMode":false,"pivot":{"x":0.5958484411239624,"y":1.5117957592010499,"z":-5.779919624328613},"rotation":{"x":-0.012835619039833546,"y":-0.9651984572410584,"z":0.048107825219631198,"w":-0.2568456828594208},"size":9.354913711547852,"orthographic":false}