{"cameraMode":{"drawMode":0,"name":"Shaded","section":"Shading Mode"},"sceneLighting":true,"audioPlay":false,"sceneViewState":{"showFog":true,"showMaterialUpdate":true,"showSkybox":true,"showFlares":true,"showImageEffects":true,"showParticleSystems":true},"in2DMode":false,"pivot":{"x":-30.87843894958496,"y":11.105108261108399,"z":1.5867674350738526},"rotation":{"x":0.5417816042900086,"y":0.2808363437652588,"z":-0.19838200509548188,"w":0.7669777870178223},"size":3.7178194522857668,"orthographic":true}