{"cameraMode":{"drawMode":0,"name":"Shaded","section":"Shading Mode"},"sceneLighting":false,"audioPlay":false,"sceneViewState":{"showFog":true,"showMaterialUpdate":true,"showSkybox":true,"showFlares":true,"showImageEffects":true,"showParticleSystems":true},"in2DMode":false,"pivot":{"x":-23.34952735900879,"y":11.366874694824219,"z":3.59551739692688},"rotation":{"x":0.5263394713401794,"y":-0.06110614165663719,"z":0.037962090224027637,"w":0.8472264409065247},"size":17.08409881591797,"orthographic":false}