{"cameraMode":{"drawMode":0,"name":"Shaded","section":"Shading Mode"},"sceneLighting":true,"audioPlay":false,"sceneViewState":{"showFog":true,"showMaterialUpdate":true,"showSkybox":true,"showFlares":true,"showImageEffects":true,"showParticleSystems":true},"in2DMode":false,"pivot":{"x":-37.91758346557617,"y":108.61231231689453,"z":-38.20016098022461},"rotation":{"x":0.3763420581817627,"y":0.20233331620693208,"z":-0.08459556102752686,"w":0.9001582264900208},"size":68.70795440673828,"orthographic":true}